Ano;Presidente;Moeda
1984;JOAO FIGUEIREDO;CRUZEIRO
1985;JOAO FIGUEIREDO / JOSE SARNEY;CRUZEIRO
1986;JOSE SARNEY;CRUZADO
1987;JOSE SARNEY;CRUZADO
1988;JOSE SARNEY;CRUZADO
1989;JOSE SARNEY;CRUZADO NOVO
1990;JOSE SARNEY / FERNANDO COLLOR DE MELO;CRUZEIRO
1991;FERNANDO COLLOR DE MELO;CRUZEIRO
1992;FERNANDO COLLOR DE MELO;CRUZEIRO
1993;ITAMAR FRANCO;CRUZEIRO REAL
1994;ITAMAR FRANCO;URV / REAL
1995;FERNANDO HENRIQUE CARDOSO;REAL
1996;FERNANDO HENRIQUE CARDOSO;REAL
1997;FERNANDO HENRIQUE CARDOSO;REAL
1998;FERNANDO HENRIQUE CARDOSO;REAL
1999;FERNANDO HENRIQUE CARDOSO;REAL
2000;FERNANDO HENRIQUE CARDOSO;REAL
2001;FERNANDO HENRIQUE CARDOSO;REAL
2002;FERNANDO HENRIQUE CARDOSO;REAL
2003;LUIS INACIO LULA DA SILVA;REAL
2004;LUIS INACIO LULA DA SILVA;REAL
2005;LUIS INACIO LULA DA SILVA;REAL
2006;LUIS INACIO LULA DA SILVA;REAL
2007;LUIS INACIO LULA DA SILVA;REAL
2008;LUIS INACIO LULA DA SILVA;REAL
2009;LUIS INACIO LULA DA SILVA;REAL
2010;LUIS INACIO LULA DA SILVA;REAL
2011;DILMA ROUSSEFF;REAL
2012;DILMA ROUSSEFF;REAL
2013;DILMA ROUSSEFF;REAL
2014;DILMA ROUSSEFF;REAL
2015;DILMA ROUSSEFF;REAL
2016;DILMA ROUSSEFF / MICHEL TEMER;REAL
2017;MICHEL TEMER;REAL
2018;MICHEL TEMER;REAL
2019;JAIR MESSIAS BOLSONARO;REAL
2020;JAIR MESSIAS BOLSONARO;REAL
2021;JAIR MESSIAS BOLSONARO;REAL
2022;JAIR MESSIAS BOLSONARO;REAL
